Workbook
Name Mobilitaet: Auswahllisten!$A$2:$A$4
Name Kognition: Auswahllisten!$B$2:$B$4
Name Pflegegrad: Auswahllisten!$C$2:$C$8
Name JaNein: Auswahllisten!$D$2:$D$3
Name Palliativ: Auswahllisten!$E$2:$E$4
Name Kostentraeger: Auswahllisten!$F$2:$F$7
Name Betreuungsbereiche: Auswahllisten!$G$2:$G$7

Sheet Klientenliste
A1: 1 · Stammdaten des Klienten | H1: 2 · Rechtliche Betreuung & Notfallkontakte | Q1: 3 · Einstufung & leistungsrechtliche Zuordnung | Y1: 4 · Diagnosen & besondere Versorgungssituationen | AC1: 5 · Funktionseinschränkungen | AE1: 6 · Gesamtbewertung (automatisch) | AG1: Organisatorisches
A2: Nachname | B2: Vorname | C2: Geburtsdatum | D2: Straße & Hausnr. | E2: PLZ | F2: Ort | G2: Telefon Klient | H2: Rechtliche Betreuung? | I2: Aufgabenbereiche der Betreuung | J2: Betreuer:in – Name | K2: Betreuer:in – Anschrift | L2: Betreuer:in – Telefon | M2: Betreuer:in – E-Mail | N2: Bevollmächtigte / Angehörige – Name | O2: Angehörige – Telefon | P2: Notfallkontakt (Name & Telefon) | Q2: Pflegegrad | R2: SGB XI – Pflegesachleistung | S2: SGB XI – Kombinationsleistung | T2: SGB XI – Entlastungsbetrag § 45b | U2: SGB XI – Verhinderungspflege § 39 | V2: SGB V – HKP § 37 | W2: SGB V – Leistungsarten | X2: Weitere Kostenträger | Y2: Relevante Pflege- / Hauptdiagnosen | Z2: Außerklinische Intensivpflege (IPReG) | AA2: Psychiatrische HKP (pHKP) | AB2: Palliativversorgung | AC2: Mobilität | AD2: Kognition / Kommunikation | AE2: Kategorie | AF2: Herleitung | AG2: Bemerkungen | AH2: Stand (letzte Aktualisierung)
A3: BEISPIEL – Zeile vor Nutzung löschen | B3: Erika | C3: 14.03.1948 | D3: Musterweg 12 | E3: 12345 | F3: Musterstadt | G3: 0123 456789 | H3: Ja | I3: Gesundheitssorge, Vermögenssorge | J3: M. Muster (Betreuungsverein) | Q3: PG 4 | R3: Ja | V3: Ja | W3: Wundversorgung, Medikamentengabe | X3: keine | Y3: Diabetes mellitus Typ 2, Ulcus cruris, mittelgradige Demenz | AC3: eingeschränkt | AD3: eingeschränkt | AE3: =IF(OR($AC3="",$AD3=""),"",IF(AND($AC3="komplett eingeschränkt",$AD3="komplett eingeschränkt"),"D",IF(OR($AC3="komplett eingeschränkt",$AD3="komplett eingeschränkt"),"C",IF(OR($AC3="eingeschränkt",$AD3="eingeschränkt"),"B","A")))) | AF3: =IF($AE3="","",IF($AE3="D","Mobilität UND Kognition komplett eingeschränkt – höchste Komplexitätsstufe",IF($AE3="C","Mobilität oder Kognition komplett eingeschränkt",IF($AE3="B","Teileinschränkung bei Mobilität oder Kognition","Mobilität und Kognition uneingeschränkt"))))
AE4: =IF(OR($AC4="",$AD4=""),"",IF(AND($AC4="komplett eingeschränkt",$AD4="komplett eingeschränkt"),"D",IF(OR($AC4="komplett eingeschränkt",$AD4="komplett eingeschränkt"),"C",IF(OR($AC4="eingeschränkt",$AD4="eingeschränkt"),"B","A")))) | AF4: =IF($AE4="","",IF($AE4="D","Mobilität UND Kognition komplett eingeschränkt – höchste Komplexitätsstufe",IF($AE4="C","Mobilität oder Kognition komplett eingeschränkt",IF($AE4="B","Teileinschränkung bei Mobilität oder Kognition","Mobilität und Kognition uneingeschränkt"))))
AE5: =IF(OR($AC5="",$AD5=""),"",IF(AND($AC5="komplett eingeschränkt",$AD5="komplett eingeschränkt"),"D",IF(OR($AC5="komplett eingeschränkt",$AD5="komplett eingeschränkt"),"C",IF(OR($AC5="eingeschränkt",$AD5="eingeschränkt"),"B","A")))) | AF5: =IF($AE5="","",IF($AE5="D","Mobilität UND Kognition komplett eingeschränkt – höchste Komplexitätsstufe",IF($AE5="C","Mobilität oder Kognition komplett eingeschränkt",IF($AE5="B","Teileinschränkung bei Mobilität oder Kognition","Mobilität und Kognition uneingeschränkt"))))
AE6: =IF(OR($AC6="",$AD6=""),"",IF(AND($AC6="komplett eingeschränkt",$AD6="komplett eingeschränkt"),"D",IF(OR($AC6="komplett eingeschränkt",$AD6="komplett eingeschränkt"),"C",IF(OR($AC6="eingeschränkt",$AD6="eingeschränkt"),"B","A")))) | AF6: =IF($AE6="","",IF($AE6="D","Mobilität UND Kognition komplett eingeschränkt – höchste Komplexitätsstufe",IF($AE6="C","Mobilität oder Kognition komplett eingeschränkt",IF($AE6="B","Teileinschränkung bei Mobilität oder Kognition","Mobilität und Kognition uneingeschränkt"))))
AE7: =IF(OR($AC7="",$AD7=""),"",IF(AND($AC7="komplett eingeschränkt",$AD7="komplett eingeschränkt"),"D",IF(OR($AC7="komplett eingeschränkt",$AD7="komplett eingeschränkt"),"C",IF(OR($AC7="eingeschränkt",$AD7="eingeschränkt"),"B","A")))) | AF7: =IF($AE7="","",IF($AE7="D","Mobilität UND Kognition komplett eingeschränkt – höchste Komplexitätsstufe",IF($AE7="C","Mobilität oder Kognition komplett eingeschränkt",IF($AE7="B","Teileinschränkung bei Mobilität oder Kognition","Mobilität und Kognition uneingeschränkt"))))
AE8: =IF(OR($AC8="",$AD8=""),"",IF(AND($AC8="komplett eingeschränkt",$AD8="komplett eingeschränkt"),"D",IF(OR($AC8="komplett eingeschränkt",$AD8="komplett eingeschränkt"),"C",IF(OR($AC8="eingeschränkt",$AD8="eingeschränkt"),"B","A")))) | AF8: =IF($AE8="","",IF($AE8="D","Mobilität UND Kognition komplett eingeschränkt – höchste Komplexitätsstufe",IF($AE8="C","Mobilität oder Kognition komplett eingeschränkt",IF($AE8="B","Teileinschränkung bei Mobilität oder Kognition","Mobilität und Kognition uneingeschränkt"))))
AE9: =IF(OR($AC9="",$AD9=""),"",IF(AND($AC9="komplett eingeschränkt",$AD9="komplett eingeschränkt"),"D",IF(OR($AC9="komplett eingeschränkt",$AD9="komplett eingeschränkt"),"C",IF(OR($AC9="eingeschränkt",$AD9="eingeschränkt"),"B","A")))) | AF9: =IF($AE9="","",IF($AE9="D","Mobilität UND Kognition komplett eingeschränkt – höchste Komplexitätsstufe",IF($AE9="C","Mobilität oder Kognition komplett eingeschränkt",IF($AE9="B","Teileinschränkung bei Mobilität oder Kognition","Mobilität und Kognition uneingeschränkt"))))
AE10: =IF(OR($AC10="",$AD10=""),"",IF(AND($AC10="komplett eingeschränkt",$AD10="komplett eingeschränkt"),"D",IF(OR($AC10="komplett eingeschränkt",$AD10="komplett eingeschränkt"),"C",IF(OR($AC10="eingeschränkt",$AD10="eingeschränkt"),"B","A")))) | AF10: =IF($AE10="","",IF($AE10="D","Mobilität UND Kognition komplett eingeschränkt – höchste Komplexitätsstufe",IF($AE10="C","Mobilität oder Kognition komplett eingeschränkt",IF($AE10="B","Teileinschränkung bei Mobilität oder Kognition","Mobilität und Kognition uneingeschränkt"))))
AE11: =IF(OR($AC11="",$AD11=""),"",IF(AND($AC11="komplett eingeschränkt",$AD11="komplett eingeschränkt"),"D",IF(OR($AC11="komplett eingeschränkt",$AD11="komplett eingeschränkt"),"C",IF(OR($AC11="eingeschränkt",$AD11="eingeschränkt"),"B","A")))) | AF11: =IF($AE11="","",IF($AE11="D","Mobilität UND Kognition komplett eingeschränkt – höchste Komplexitätsstufe",IF($AE11="C","Mobilität oder Kognition komplett eingeschränkt",IF($AE11="B","Teileinschränkung bei Mobilität oder Kognition","Mobilität und Kognition uneingeschränkt"))))
AE12: =IF(OR($AC12="",$AD12=""),"",IF(AND($AC12="komplett eingeschränkt",$AD12="komplett eingeschränkt"),"D",IF(OR($AC12="komplett eingeschränkt",$AD12="komplett eingeschränkt"),"C",IF(OR($AC12="eingeschränkt",$AD12="eingeschränkt"),"B","A")))) | AF12: =IF($AE12="","",IF($AE12="D","Mobilität UND Kognition komplett eingeschränkt – höchste Komplexitätsstufe",IF($AE12="C","Mobilität oder Kognition komplett eingeschränkt",IF($AE12="B","Teileinschränkung bei Mobilität oder Kognition","Mobilität und Kognition uneingeschränkt"))))
AE13: =IF(OR($AC13="",$AD13=""),"",IF(AND($AC13="komplett eingeschränkt",$AD13="komplett eingeschränkt"),"D",IF(OR($AC13="komplett eingeschränkt",$AD13="komplett eingeschränkt"),"C",IF(OR($AC13="eingeschränkt",$AD13="eingeschränkt"),"B","A")))) | AF13: =IF($AE13="","",IF($AE13="D","Mobilität UND Kognition komplett eingeschränkt – höchste Komplexitätsstufe",IF($AE13="C","Mobilität oder Kognition komplett eingeschränkt",IF($AE13="B","Teileinschränkung bei Mobilität oder Kognition","Mobilität und Kognition uneingeschränkt"))))
AE14: =IF(OR($AC14="",$AD14=""),"",IF(AND($AC14="komplett eingeschränkt",$AD14="komplett eingeschränkt"),"D",IF(OR($AC14="komplett eingeschränkt",$AD14="komplett eingeschränkt"),"C",IF(OR($AC14="eingeschränkt",$AD14="eingeschränkt"),"B","A")))) | AF14: =IF($AE14="","",IF($AE14="D","Mobilität UND Kognition komplett eingeschränkt – höchste Komplexitätsstufe",IF($AE14="C","Mobilität oder Kognition komplett eingeschränkt",IF($AE14="B","Teileinschränkung bei Mobilität oder Kognition","Mobilität und Kognition uneingeschränkt"))))
AE15: =IF(OR($AC15="",$AD15=""),"",IF(AND($AC15="komplett eingeschränkt",$AD15="komplett eingeschränkt"),"D",IF(OR($AC15="komplett eingeschränkt",$AD15="komplett eingeschränkt"),"C",IF(OR($AC15="eingeschränkt",$AD15="eingeschränkt"),"B","A")))) | AF15: =IF($AE15="","",IF($AE15="D","Mobilität UND Kognition komplett eingeschränkt – höchste Komplexitätsstufe",IF($AE15="C","Mobilität oder Kognition komplett eingeschränkt",IF($AE15="B","Teileinschränkung bei Mobilität oder Kognition","Mobilität und Kognition uneingeschränkt"))))
... AE402: =IF(OR($AC402="",$AD402=""),"",IF(AND($AC402="komplett eingeschränkt",$AD402="komplett eingeschränkt"),"D",IF(OR($AC402="komplett eingeschränkt",$AD402="komplett eingeschränkt"),"C",IF(OR($AC402="eingeschränkt",$AD402="eingeschränkt"),"B","A")))) | AF402: =IF($AE402="","",IF($AE402="D","Mobilität UND Kognition komplett eingeschränkt – höchste Komplexitätsstufe",IF($AE402="C","Mobilität oder Kognition komplett eingeschränkt",IF($AE402="B","Teileinschränkung bei Mobilität oder Kognition","Mobilität und Kognition uneingeschränkt"))))

Sheet Auswahllisten
A1: Mobilität | B1: Kognition / Kommunikation | C1: Pflegegrad | D1: Ja / Nein | E1: Palliativversorgung | F1: Weitere Kostenträger | G1: Aufgabenbereiche Betreuung (Referenz)
A2: uneingeschränkt | B2: uneingeschränkt | C2: PG 1 | D2: Ja | E2: nein | F2: keine | G2: Gesundheitssorge
A3: eingeschränkt | B3: eingeschränkt | C3: PG 2 | D3: Nein | E3: AAPV | F3: SGB XII (Sozialamt) | G3: Aufenthaltsbestimmung
A4: komplett eingeschränkt | B4: komplett eingeschränkt | C4: PG 3 | E4: SAPV | F4: Beihilfe | G4: Vermögenssorge
C5: PG 4 | F5: Selbstzahler | G5: Behördenangelegenheiten
C6: PG 5 | F6: Unfallkasse / BG | G6: Wohnungsangelegenheiten
C7: Antrag gestellt | F7: sonstige | G7: Post- und Fernmeldeverkehr
C8: ohne PG

Sheet Hinweise
B2: QPR-Klientenliste (Teil 1a) – ambulante Qualitätsprüfung ab 01.07.2026
B3: Grundlage der MD-Stichprobenziehung am Prüfungstag.
B5: So wird die Liste geführt
B7: 1. Pro Klient eine Zeile im Blatt „Klientenliste“.
B8: 2. Die gelb markierte Beispielzeile (Zeile 3) vor der ersten Nutzung löschen.
B9: 3. Grau hinterlegte Spalten („Kategorie“, „Herleitung“) sind Formeln – nicht überschreiben.
B10: 4. Felder mit Dropdown nur über die Auswahlliste befüllen, sonst greift die Kategorie-Logik nicht.
B11: 5. Spalte „Stand“ bei jeder Änderung aktualisieren – der MD fragt nach der Aktualität der Liste.
B12: 6. Rote Ecke an einer Überschrift = Ausfüllhinweis, mit der Maus darüberfahren.
B14: Kategorie A–D: Matrix aus Mobilität und Kognition
B16: Die Kategorie wird automatisch aus den beiden Spalten „Mobilität“ und „Kognition / Kommunikation“ berechnet:
C18: Kognition: uneingeschränkt | D18: Kognition: eingeschränkt | E18: Kognition: komplett eingeschr.
B19: Mobilität: uneingeschränkt | C19: A | D19: B | E19: C
B20: Mobilität: eingeschränkt | C20: B | D20: B | E20: C
B21: Mobilität: komplett eingeschränkt | C21: C | D21: C | E21: D
B23: A = Mobilität uneingeschränkt UND Kognition uneingeschränkt
B24: B = Teileinschränkung bei Mobilität oder Kognition
B25: C = Mobilität ODER Kognition komplett eingeschränkt
B26: D = Mobilität UND Kognition komplett eingeschränkt (höchste Komplexitätsstufe)
B28: Hinweis zur Auslegung: Die Kombinationen „komplett eingeschränkt“ + „eingeschränkt“ erfüllen wörtlich sowohl Regel B als auch Regel C.
B29: Die Vorlage wertet in diesen Fällen die schwerere Einstufung (C), da die Kategorie den höchsten Komplexitätsgrad abbilden soll.
B31: Verteilung (aktualisiert sich automatisch)
B33: Kategorie A | C33: =COUNTIF(Klientenliste!$AE$3:$AE$402,"A")
B34: Kategorie B | C34: =COUNTIF(Klientenliste!$AE$3:$AE$402,"B")
B35: Kategorie C | C35: =COUNTIF(Klientenliste!$AE$3:$AE$402,"C")
B36: Kategorie D | C36: =COUNTIF(Klientenliste!$AE$3:$AE$402,"D")
B37: Klienten gesamt | C37: =COUNTA(Klientenliste!$A$3:$A$402)
B39: Datenschutz
B41: Diese Liste enthält Gesundheitsdaten – besondere Kategorien personenbezogener Daten nach Art. 9 DSGVO.
B42: • Nur auf dienstlichen, zugriffsgeschützten Systemen speichern.
B43: • Nicht unverschlüsselt per E-Mail oder Messenger versenden.
B44: • Ausdrucke nach der Prüfung sicher vernichten.
B45: • Zugriff auf den Kreis beschränken, der die Liste pflegen muss.
